{
 "plist": [
  0.0,
  0.05,
  0.1,
  0.15,
  0.2,
  0.25,
  0.3,
  0.35,
  0.4,
  0.45,
  0.5,
  0.55,
  0.6
 ],
 "sweepS": {
  "24": [
   4.6161436103318065,
   3.9300894953357424,
   3.4499552904268715,
   3.003218694425569,
   2.5693653482749066,
   2.2507862038354283,
   1.9777708753623426,
   1.7070199216015927,
   1.4368408943079845,
   1.2836788942440494,
   1.0215378003477866,
   0.8435418627832312,
   0.6888760848073383
  ],
  "32": [
   5.830180164817592,
   5.14130702789888,
   4.348189035259381,
   3.752744355397545,
   3.137020920139248,
   2.7289308831487924,
   2.2660179538909673,
   1.9363317958807564,
   1.661074272033749,
   1.3320686363658276,
   1.1233701572565682,
   0.9257680787317986,
   0.7396761368258458
  ],
  "48": [
   9.411136855849797,
   7.2690761332887455,
   5.85192251478896,
   4.827559659799568,
   4.004712835341982,
   3.3129509427498616,
   2.715279326510583,
   2.2862620489152685,
   1.8678986632490797,
   1.5368391240029124,
   1.2460515799457428,
   0.9671513138727712,
   0.7974117196500031
  ]
 },
 "sweepF": {
  "24": [
   1.5008000242633768,
   1.2685813226935074,
   1.109574004081952,
   0.9622667280674941,
   0.8192095650416854,
   0.7156660542287878,
   0.6248170625330566,
   0.5389829541518905,
   0.45179639932500676,
   0.4046842475171196,
   0.3198666278820778,
   0.26331006334592855,
   0.21384878505266355
  ],
  "32": [
   1.879985890907593,
   1.6575329250872919,
   1.395061700927733,
   1.1986568854455384,
   0.9956248998189848,
   0.8617039431510077,
   0.7098784141402279,
   0.606004867080631,
   0.520024406545556,
   0.4128441087332935,
   0.3478082716892099,
   0.28501784934197805,
   0.2284331806335181
  ],
  "48": [
   3.0249404608274477,
   2.3401708183633385,
   1.868446195365185,
   1.5300998127375784,
   1.2618258098293076,
   1.0381041597615501,
   0.8463135248842153,
   0.7115269892961117,
   0.5785492963525538,
   0.4743882290888592,
   0.38304281521232053,
   0.29585523908631967,
   0.24452038163997156
  ]
 },
 "sweepM": {
  "24": [
   8.77534224847745,
   7.551882927780968,
   6.6968850130712605,
   5.892833590780718,
   5.11998512558656,
   4.52815994928454,
   4.066070678570707,
   3.5335268789504974,
   3.0448124421221126,
   2.7301712683775885,
   2.3021310393258303,
   2.040761422478303,
   1.8355568139664593
  ],
  "32": [
   11.289047287257288,
   9.900440556098966,
   8.485169145875899,
   7.411430538887283,
   6.313486578543143,
   5.5761113481959255,
   4.749250085262743,
   4.088599317229483,
   3.5347383527889074,
   2.9821748189842423,
   2.579341457587794,
   2.2462530351498953,
   1.9476368624258673
  ],
  "48": [
   18.347760216533747,
   14.035301281071435,
   11.55050073127273,
   9.724529806210416,
   8.202461112562311,
   6.901184176542855,
   5.758830211402314,
   4.884319063787632,
   4.074637693452933,
   3.4548035105049357,
   2.9047296618137874,
   2.4009831969208597,
   2.0907574032628986
  ]
 },
 "blocks": [
  4,
  6,
  8,
  10,
  12,
  16,
  20,
  24,
  28,
  32
 ],
 "chord": [
  3.974347404576823,
  5.913630884977044,
  7.7959628672354615,
  9.603215465375593,
  11.317983848932585,
  14.405061058513699,
  16.93855985006744,
  18.821119285836893,
  19.98039366245693,
  20.371832715762604
 ],
 "subS": {
  "0.1": [
   2.057291715439669,
   2.872202168890733,
   3.5936126590307516,
   4.226178993400858,
   4.78161095144891,
   5.684682321140793,
   6.3767477669952575,
   6.842806451062396,
   7.111441475843283,
   7.207653342259548
  ],
  "0.2": [
   1.625242544856899,
   2.1940421021585523,
   2.6683646515087145,
   3.0510312106826016,
   3.3734469123979953,
   3.8716646199152116,
   4.204613264689058,
   4.453229742020451,
   4.573193958368713,
   4.5971348057357675
  ],
  "0.5": [
   0.7138244686712872,
   0.8872814203809067,
   1.0184127553476636,
   1.1042327230244715,
   1.152935011638881,
   1.2326559322903794,
   1.2815368410500931,
   1.299583918246334,
   1.3057420048007526,
   1.2888465281240917
  ]
 },
 "alpha": {
  "0.1": 3.816470425153455,
  "0.2": 2.038904395777829,
  "0.5": 0.2914749505686163
 },
 "growth_t": [
  0,
  1,
  2,
  3,
  4,
  5,
  6,
  7,
  8,
  9,
  10,
  11,
  12,
  13,
  14,
  15,
  16,
  17,
  18,
  19,
  20,
  21,
  22,
  23,
  24,
  25,
  26,
  27,
  28,
  29,
  30,
  31,
  32,
  33,
  34,
  35,
  36,
  37,
  38,
  39,
  40,
  41,
  42,
  43,
  44,
  45,
  46,
  47,
  48,
  49,
  50,
  51,
  52,
  53,
  54,
  55,
  56,
  57,
  58,
  59,
  60,
  61,
  62,
  63,
  64,
  65,
  66,
  67,
  68,
  69,
  70,
  71,
  72,
  73,
  74,
  75,
  76,
  77,
  78,
  79,
  80,
  81,
  82,
  83,
  84,
  85,
  86,
  87,
  88,
  89
 ],
 "growth": {
  "0.05": [
   1.784754468566818,
   3.3335918379353635,
   4.767686202157877,
   6.003447068913223,
   7.110582094641448,
   7.990270175828161,
   8.281103113006855,
   8.238659559510698,
   8.016507030120286,
   7.722315038824673,
   7.343410816619465,
   7.097495109958707,
   6.998149937327564,
   6.997668185657069,
   7.076263967083866,
   7.066025852131828,
   7.149457313763017,
   7.254847770421627,
   7.28164437247963,
   7.293357121320622,
   7.301113671596916,
   7.29884217662042,
   7.359972980852747,
   7.2606952749203,
   7.296466922044533,
   7.347621312007085,
   7.350555151032507,
   7.307109097591143,
   7.374730983972034,
   7.369414112430233,
   7.375073966382587,
   7.360236125201271,
   7.365248616265473,
   7.286738010341722,
   7.300800144316318,
   7.257599578229177,
   7.2055881582598404,
   7.1615476402012685,
   7.121196260480443,
   7.158034078861806,
   7.213252104244385,
   7.196280024740831,
   7.247011614956968,
   7.264923818700295,
   7.242805481279326,
   7.278139139075327,
   7.244634142304472,
   7.254288043254658,
   7.203042971652735,
   7.146849245172627,
   7.106838123889437,
   7.215935636434662,
   7.1219632305763865,
   7.193469990577265,
   7.170332629524123,
   7.125778176477731,
   7.093288925523143,
   7.079056830119464,
   7.196256600174256,
   7.224790450248705,
   7.323128231976265,
   7.319800617562218,
   7.278057588731032,
   7.287301085793914,
   7.317453463355653,
   7.325304441759384,
   7.237724304616373,
   7.231655684572788,
   7.165121716934816,
   7.12505442040167,
   7.1838385632045885,
   7.207757245907969,
   7.232791509477183,
   7.253367021765402,
   7.268520256443426,
   7.33489290654838,
   7.326113857761241,
   7.276907474358596,
   7.286175378586584,
   7.3701860312948595,
   7.372207195498054,
   7.412320145503709,
   7.440302862447932,
   7.4380732146195685,
   7.450507903650342,
   7.472387801287591,
   7.424203489148421,
   7.374033045076908,
   7.3204217424719165,
   7.336445251724707
  ],